{"graph": {"_type": "graph-file", "sha256": "b4d63e29f99e9fab704d88705b948d84eec7fb141b8510f7a4c3b1e01b547fe4", "size": 704, "path": "media/graph/graph_summary_b4d63e29f99e9fab704d.graph.json"}, "epoch": 19, "_timestamp": 1659606587, "_runtime": 1760, "loss": 3.390784740447998, "accuracy": 0.8019412755966187, "top-5-accuracy": 0.9742424488067627, "f1_m": 0.8021711707115173, "precision": 0.8030177354812622, "recall": 0.8013257384300232, "auc": 0.9230027198791504, "prc": 0.7414315938949585, "val_loss": {"min": 2.822464942932129}, "val_accuracy": 0.8104403614997864, "val_top-5-accuracy": 0.9790956377983093, "val_f1_m": {"max": 0.8106235265731812}, "val_precision": 0.8113261461257935, "val_recall": 0.8099431991577148, "val_auc": 0.9280334115028381, "val_prc": 0.7558697462081909, "lr": 0.0002500000118743628, "_step": 19, "best_val_loss": 2.822464942932129, "best_epoch": 19, "_wandb": {"runtime": 1761}}