{"graph": {"_type": "graph-file", "sha256": "8f3f065b0d429d30a2c0a4bbc971b3fe9fa41e2e5769a1aa830868e3368281c6", "size": 740, "path": "media/graph/graph_summary_8f3f065b0d429d30a2c0.graph.json"}, "epoch": 19, "_timestamp": 1659723187, "_runtime": 2124, "loss": 3.6283376216888428, "accuracy": 0.9916903376579285, "top-5-accuracy": 0.9991713762283325, "f1_m": 0.9916626811027527, "precision": 0.9923428893089294, "recall": 0.9910038113594055, "auc": 0.9985398650169373, "prc": 0.995370626449585, "val_loss": {"min": 3.6270811557769775}, "val_accuracy": 0.9920691251754761, "val_top-5-accuracy": 0.9992660880088806, "val_f1_m": {"max": 0.9920820593833923}, "val_precision": 0.992512583732605, "val_recall": 0.9916666746139526, "val_auc": 0.9985059499740601, "val_prc": 0.9953569769859314, "lr": 0.0010000000474974513, "_step": 19, "best_val_loss": 3.6270811557769775, "best_epoch": 19, "_wandb": {"runtime": 2124}}