{"graph": {"_type": "graph-file", "sha256": "ea3ded0cb976077455fe9202edef6fe1f4ad2867d79d924713207d8fad408ef1", "size": 992, "path": "media/graph/graph_summary_ea3ded0cb976077455fe.graph.json"}, "epoch": 19, "_timestamp": 1659548000, "_runtime": 5662, "loss": 0.00848116260021925, "accuracy": 0.9966856241226196, "top-5-accuracy": 1.0, "f1_m": 0.9967066645622253, "precision": 0.9968268871307373, "recall": 0.9965909123420715, "auc": 0.999938428401947, "prc": 0.9997674822807312, "val_loss": {"min": 0.007743815891444683}, "val_accuracy": 0.9975378513336182, "val_top-5-accuracy": 0.9999763369560242, "val_f1_m": {"max": 0.9975360035896301}, "val_precision": 0.9976556897163391, "val_recall": 0.997419536113739, "val_auc": 0.9999633431434631, "val_prc": 0.9998812079429626, "lr": 0.0005000000237487257, "_step": 19, "best_val_loss": 0.007743815891444683, "best_epoch": 19, "_wandb": {"runtime": 5665}}