{"graph": {"_type": "graph-file", "sha256": "330c7b6d2f8cfe1802440d9de5545ccf5a5574bac181b52a9d3b4bb4d57c62a2", "size": 971, "path": "media/graph/graph_summary_330c7b6d2f8cfe180244.graph.json"}, "epoch": 19, "_timestamp": 1659542323, "_runtime": 2852, "loss": 0.031760990619659424, "accuracy": 0.9889441132545471, "top-5-accuracy": 0.9999763369560242, "f1_m": 0.9890661239624023, "precision": 0.9898051023483276, "recall": 0.9883522987365723, "auc": 0.999647855758667, "prc": 0.9984230399131775, "val_loss": {"min": 0.02710111252963543}, "val_accuracy": 0.9872869253158569, "val_top-5-accuracy": 1.0, "val_f1_m": {"max": 0.990787923336029}, "val_precision": 0.9878178834915161, "val_recall": 0.9867187738418579, "val_auc": 0.9995972514152527, "val_prc": 0.998255729675293, "lr": 0.0010000000474974513, "_step": 19, "best_val_loss": 0.02710111252963543, "best_epoch": 17, "_wandb": {"runtime": 2854}}