{"graph": {"_type": "graph-file", "sha256": "b82e26fbaa0b562e43ae2595b8510f8cdf1bd34f4d87fe7863bdb6dd336f53b2", "size": 1025, "path": "media/graph/graph_summary_b82e26fbaa0b562e43ae.graph.json"}, "epoch": 19, "_timestamp": 1659602570, "_runtime": 6253, "loss": 0.010469629429280758, "accuracy": 0.9968513250350952, "top-5-accuracy": 0.9999763369560242, "f1_m": 0.9968739151954651, "precision": 0.9969455599784851, "recall": 0.9968039989471436, "auc": 0.9998528361320496, "prc": 0.999422550201416, "val_loss": {"min": 0.006370948161929846}, "val_accuracy": 0.9977983236312866, "val_top-5-accuracy": 1.0, "val_f1_m": {"max": 0.997831404209137}, "val_precision": 0.9979398846626282, "val_recall": 0.9977272748947144, "val_auc": 0.9999750852584839, "val_prc": 0.9998873472213745, "lr": 0.0005000000237487257, "_step": 19, "best_val_loss": 0.006370948161929846, "best_epoch": 19, "_wandb": {"runtime": 6257}}