{"graph": {"_type": "graph-file", "sha256": "aec2b0bf089e5d8c92a0ade0e373f727dc77512ae39665d6371e155c8e95f25c", "size": 77519, "path": "media/graph/graph_summary_aec2b0bf089e5d8c92a0.graph.json"}, "epoch": 19, "_timestamp": 1659629675, "_runtime": 3582, "loss": 0.0011424620170146227, "accuracy": 0.9997159242630005, "top-5-accuracy": 1.0, "f1_m": 0.9997275471687317, "precision": 0.9997395873069763, "recall": 0.9997159242630005, "auc": 1.0, "prc": 0.9999993443489075, "val_loss": {"min": 0.00014256281428970397}, "val_accuracy": 0.9989820122718811, "val_top-5-accuracy": 1.0, "val_f1_m": {"max": 1.0}, "val_precision": 0.9989820122718811, "val_recall": 0.9989820122718811, "val_auc": 0.9999759197235107, "val_prc": 0.9999292492866516, "lr": 0.0001250000059371814, "_step": 19, "best_val_loss": 0.00014256281428970397, "best_epoch": 16, "_wandb": {"runtime": 3583}}