{
    "X_train_mean_rgb": [
        129.87352425546356,
        122.22624290495207,
        138.56440490809354
    ],
    "X_train_std_rgb": [
        44.21649811143692,
        12.053685241261139,
        15.134372983912451
    ]
}