{
    "X_train_mean_rgb": [
        118.26420303113532,
        124.73013028087038,
        104.13286779721578
    ],
    "X_train_std_rgb": [
        48.90982727866742,
        42.16951118678884,
        53.59038420204699
    ]
}