{
    "X_train_mean_rgb": [
        118.94098515314326,
        124.71808306919169,
        104.59527316606443
    ],
    "X_train_std_rgb": [
        49.35162135930651,
        42.97197200023421,
        54.13148300820532
    ]
}