{
    "X_train_mean_rgb": [
        130.01255377247082,
        122.52411295262274,
        138.28767719449547
    ],
    "X_train_std_rgb": [
        44.943507515018524,
        11.91035700164438,
        15.238876797245553
    ]
}