{
    "X_train_mean_rgb": [
        50.05942593905863,
        59.95984725303872,
        37.65190827580907
    ],
    "X_train_std_rgb": [
        57.34372140678062,
        65.2287740847596,
        47.5692021359671
    ]
}