{"graph": {"_type": "graph-file", "sha256": "c591fad0d31fd30312fc8799a5f602d09813d7bdbaf30eae6134ee14fe135ac6", "size": 980, "path": "media/graph/graph_summary_c591fad0d31fd30312fc.graph.json"}, "epoch": 19, "_timestamp": 1659622974, "_runtime": 3196, "loss": 0.012507786974310875, "accuracy": 0.9959280490875244, "top-5-accuracy": 0.9999763369560242, "f1_m": 0.9959814548492432, "precision": 0.9962574243545532, "recall": 0.9957149624824524, "auc": 0.9999735355377197, "prc": 0.9998432397842407, "val_loss": {"min": 0.008095583878457546}, "val_accuracy": 0.9970407485961914, "val_top-5-accuracy": 0.9999763369560242, "val_f1_m": {"max": 0.9984578490257263}, "val_precision": 0.9974886775016785, "val_recall": 0.9967566132545471, "val_auc": 0.9999752640724182, "val_prc": 0.9999197721481323, "lr": 0.0002500000118743628, "_step": 19, "best_val_loss": 0.008095583878457546, "best_epoch": 17, "_wandb": {"runtime": 3196}}