{"graph": {"_type": "graph-file", "sha256": "e632d569b2b34216163249232a2304987df68840aad4d2cc0e8110c0bc77a70e", "size": 732, "path": "media/graph/graph_summary_e632d569b2b342161632.graph.json"}, "epoch": 19, "_timestamp": 1659609784, "_runtime": 2359, "loss": 0.01744421198964119, "accuracy": 0.9971827864646912, "top-5-accuracy": 1.0, "f1_m": 0.9969881772994995, "precision": 0.9978184103965759, "recall": 0.9961884617805481, "auc": 0.9999985694885254, "prc": 0.9999470114707947, "val_loss": {"min": 0.013873202726244926}, "val_accuracy": 0.9978693127632141, "val_top-5-accuracy": 1.0, "val_f1_m": {"max": 0.9979048371315002}, "val_precision": 0.9985066056251526, "val_recall": 0.9972301125526428, "val_auc": 0.9999994039535522, "val_prc": 0.9999767541885376, "lr": 0.0010000000474974513, "_step": 19, "best_val_loss": 0.013873202726244926, "best_epoch": 19, "_wandb": {"runtime": 2398}}