{"graph": {"_type": "graph-file", "sha256": "b82e26fbaa0b562e43ae2595b8510f8cdf1bd34f4d87fe7863bdb6dd336f53b2", "size": 1025, "path": "media/graph/graph_summary_b82e26fbaa0b562e43ae.graph.json"}, "epoch": 19, "_timestamp": 1659708314, "_runtime": 6458, "loss": 4.170329570770264, "accuracy": 0.4658617377281189, "top-5-accuracy": 0.5469223260879517, "f1_m": 0.4663791060447693, "precision": 0.4671623110771179, "recall": 0.46562498807907104, "auc": 0.7343387603759766, "prc": 0.2883168160915375, "val_loss": {"min": 4.162936687469482}, "val_accuracy": 0.4732954502105713, "val_top-5-accuracy": 0.548555850982666, "val_f1_m": {"max": 0.4739046096801758}, "val_precision": 0.4746704697608948, "val_recall": 0.47315341234207153, "val_auc": 0.7375357747077942, "val_prc": 0.29434525966644287, "lr": 0.0010000000474974513, "_step": 19, "best_val_loss": 4.162936687469482, "best_epoch": 19, "_wandb": {"runtime": 6462}}