{"graph": {"_type": "graph-file", "sha256": "75827e89fe782332334fd6732295f7a888c9d8f8416b39b79b1e3f2c86fb759b", "size": 1028, "path": "media/graph/graph_summary_75827e89fe782332334f.graph.json"}, "epoch": 19, "_timestamp": 1659552296, "_runtime": 4281, "loss": 0.058281753212213516, "accuracy": 0.9798058867454529, "top-5-accuracy": 0.9998342990875244, "f1_m": 0.9800230860710144, "precision": 0.9815030097961426, "recall": 0.9785984754562378, "auc": 0.9992673397064209, "prc": 0.9964240789413452, "val_loss": {"min": 0.04303986206650734}, "val_accuracy": 0.9848721623420715, "val_top-5-accuracy": 0.9999289512634277, "val_f1_m": {"max": 0.9859632849693298}, "val_precision": 0.9861190319061279, "val_recall": 0.9838778376579285, "val_auc": 0.999599814414978, "val_prc": 0.9980058073997498, "lr": 0.0010000000474974513, "_step": 19, "best_val_loss": 0.04303986206650734, "best_epoch": 17, "_wandb": {"runtime": 4281}}