{"graph": {"_type": "graph-file", "sha256": "b82e26fbaa0b562e43ae2595b8510f8cdf1bd34f4d87fe7863bdb6dd336f53b2", "size": 1025, "path": "media/graph/graph_summary_b82e26fbaa0b562e43ae.graph.json"}, "epoch": 19, "_timestamp": 1659721039, "_runtime": 6396, "loss": 4.308966636657715, "accuracy": 0.31571969389915466, "top-5-accuracy": 0.3794507682323456, "f1_m": 0.31608855724334717, "precision": 0.31665992736816406, "recall": 0.3154829442501068, "auc": 0.6541323661804199, "prc": 0.15493357181549072, "val_loss": {"min": 4.322403430938721}, "val_accuracy": 0.3198626935482025, "val_top-5-accuracy": 0.3881155252456665, "val_f1_m": {"max": 0.32029852271080017}, "val_precision": 0.3209192752838135, "val_recall": 0.3196732997894287, "val_auc": 0.6575637459754944, "val_prc": 0.16004355251789093, "lr": 0.0010000000474974513, "_step": 19, "best_val_loss": 4.322403430938721, "best_epoch": 19, "_wandb": {"runtime": 6399}}